kind,id,route_or_state,viewport,asset,bytes,scroll_width,axe,pass
responsive,baseline-wide,/,1728x1080,baseline/baseline-wide-1728x1080.png,562810,1728,not_run,yes
responsive,baseline-desktop,/,1440x900,baseline/baseline-desktop-1440x900.png,441702,1440,not_run,yes
responsive,baseline-tablet,/,1024x900,baseline/baseline-tablet-1024x900.png,353671,1024,not_run,yes
responsive,baseline-mobile,/,390x844,baseline/baseline-mobile-390x844.png,171904,390,not_run,yes
responsive,final-wide,/,1728x1080,final/final-wide-1728x1080.png,571209,1728,pass,yes
responsive,final-desktop,/,1440x900,final/final-desktop-1440x900.png,451223,1440,pass,yes
responsive,final-tablet,/,1024x900,final/final-tablet-1024x900.png,361060,1024,pass,yes
responsive,final-mobile,/,390x844,final/final-mobile-390x844.png,172381,390,pass,yes
responsive,final-reduced-motion,/,1728x1080,final/final-reduced-motion-1728x1080.png,571209,1728,pass,yes
route,00-auth,/login,1728x1080,final/routes/00-auth.png,390016,1728,pass,yes
route,01-workspace-switcher,/workspaces,1728x1080,final/routes/01-workspace-switcher.png,125022,1728,pass,yes
route,02-command-center,/,1728x1080,final/routes/02-command-center.png,571209,1728,pass,yes
route,03-imports-hub,/imports,1728x1080,final/routes/03-imports-hub.png,443104,1728,pass,yes
route,04-import-batch-detail,/imports/batches/demo,1728x1080,final/routes/04-import-batch-detail.png,458863,1728,pass,yes
route,05-source-artifact-detail,/imports/artifacts/demo,1728x1080,final/routes/05-source-artifact-detail.png,459655,1728,pass,yes
route,06-source-mapping,/imports/artifacts/demo/mapping,1728x1080,final/routes/06-source-mapping.png,352360,1728,pass,yes
route,07-source-profiles,/imports/sources,1728x1080,final/routes/07-source-profiles.png,324954,1728,pass,yes
route,08-acquisition-config,/imports/artifacts/demo/acquisition,1728x1080,final/routes/08-acquisition-config.png,328436,1728,pass,yes
route,09-trial-library,/trials,1728x1080,final/routes/09-trial-library.png,323549,1728,pass,yes
route,10-trial-detail,/trials/demo,1728x1080,final/routes/10-trial-detail.png,452778,1728,pass,yes
route,11-trial-qa,/trials/demo/qa,1728x1080,final/routes/11-trial-qa.png,397657,1728,pass,yes
route,12-event-review,/trials/demo/events,1728x1080,final/routes/12-event-review.png,406995,1728,pass,yes
route,13-override-history,/trials/demo/overrides,1728x1080,final/routes/13-override-history.png,287184,1728,pass,yes
route,14-session-queue,/sessions,1728x1080,final/routes/14-session-queue.png,326023,1728,pass,yes
route,15-session-detail,/sessions/demo,1728x1080,final/routes/15-session-detail.png,462711,1728,pass,yes
route,16-session-adjudication,/sessions/demo/adjudicate,1728x1080,final/routes/16-session-adjudication.png,399226,1728,pass,yes
route,17-session-decision-log,/sessions/demo/decisions,1728x1080,final/routes/17-session-decision-log.png,288993,1728,pass,yes
route,18-athlete-directory,/athletes,1728x1080,final/routes/18-athlete-directory.png,322592,1728,pass,yes
route,19-athlete-profile,/athletes/demo,1728x1080,final/routes/19-athlete-profile.png,454299,1728,pass,yes
route,20-athlete-longitudinal,/athletes/demo/longitudinal,1728x1080,final/routes/20-athlete-longitudinal.png,336711,1728,pass,yes
route,21-evidence-library,/evidence,1728x1080,final/routes/21-evidence-library.png,323989,1728,pass,yes
route,22-evidence-record,/evidence/demo,1728x1080,final/routes/22-evidence-record.png,310188,1728,pass,yes
route,23-provenance-graph,/evidence/demo/provenance,1728x1080,final/routes/23-provenance-graph.png,306701,1728,pass,yes
route,24-references-hub,/references,1728x1080,final/routes/24-references-hub.png,336731,1728,pass,yes
route,25-metrics-dictionary,/references/metrics,1728x1080,final/routes/25-metrics-dictionary.png,326483,1728,pass,yes
route,26-protocol-library,/references/protocols,1728x1080,final/routes/26-protocol-library.png,323362,1728,pass,yes
route,27-method-detail,/references/methods/demo,1728x1080,final/routes/27-method-detail.png,312580,1728,pass,yes
route,28-report-library,/reports,1728x1080,final/routes/28-report-library.png,322957,1728,pass,yes
route,29-report-builder,/reports/demo,1728x1080,final/routes/29-report-builder.png,322711,1728,pass,yes
route,30-agent-memory,/assistant/memory,1728x1080,final/routes/30-agent-memory.png,279590,1728,pass,yes
route,31-notifications,/notifications,1728x1080,final/routes/31-notifications.png,288587,1728,pass,yes
route,32-audit-log,/audit,1728x1080,final/routes/32-audit-log.png,286108,1728,pass,yes
route,33-settings-workspace,/settings,1728x1080,final/routes/33-settings-workspace.png,359481,1728,pass,yes
route,34-roles-permissions,/settings/roles,1728x1080,final/routes/34-roles-permissions.png,353232,1728,pass,yes
route,35-integrations,/settings/integrations,1728x1080,final/routes/35-integrations.png,351973,1728,pass,yes
route,36-scientific-policies,/settings/scientific,1728x1080,final/routes/36-scientific-policies.png,355756,1728,pass,yes
route,37-system-health,/settings/health,1728x1080,final/routes/37-system-health.png,396171,1728,pass,yes
critical,01-imports-empty,/imports?state=empty,1728x1080,final/critical/01-imports-empty.png,448447,1728,pass,yes
critical,02-imports-error,/imports?state=error,1728x1080,final/critical/02-imports-error.png,447417,1728,pass,yes
critical,03-mapping-blocked,/imports/artifacts/demo/mapping?state=blocked,1728x1080,final/critical/03-mapping-blocked.png,202299,1728,pass,yes
critical,04-acquisition-validation-error,/imports/artifacts/demo/acquisition?state=validation-error,1728x1080,final/critical/04-acquisition-validation-error.png,342304,1728,pass,yes
critical,05-trials-empty,/trials?state=empty,1728x1080,final/critical/05-trials-empty.png,194685,1728,pass,yes
critical,06-trial-qa-loading,/trials/demo/qa?state=loading,1728x1080,final/critical/06-trial-qa-loading.png,255448,1728,pass,yes
critical,07-trial-qa-blocked,/trials/demo/qa?state=blocked,1728x1080,final/critical/07-trial-qa-blocked.png,201061,1728,pass,yes
critical,08-sessions-empty,/sessions?state=empty,1728x1080,final/critical/08-sessions-empty.png,198745,1728,pass,yes
critical,09-session-adjudication-conflict,/sessions/demo/adjudicate?state=review-conflict,1728x1080,final/critical/09-session-adjudication-conflict.png,414480,1728,pass,yes
critical,10-athlete-planned-only,/athletes/demo/longitudinal?state=planned-only,1728x1080,final/critical/10-athlete-planned-only.png,336711,1728,pass,yes
critical,11-evidence-loading,/evidence?state=loading,1728x1080,final/critical/11-evidence-loading.png,257635,1728,pass,yes
critical,12-evidence-missing-link,/evidence/demo?state=record-missing-link,1728x1080,final/critical/12-evidence-missing-link.png,310188,1728,pass,yes
critical,13-report-forbidden-claim,/reports/demo?state=forbidden-claim,1728x1080,final/critical/13-report-forbidden-claim.png,199382,1728,pass,yes
critical,14-integrations-degraded,/settings/integrations?state=degraded,1728x1080,final/critical/14-integrations-degraded.png,351273,1728,pass,yes
