contract_id,family,asset,semantic_role,implementation,source_file,state_or_variant_proof,contract_evidence,browser_evidence,coverage_status,severity
buttons--primary--default--sm,buttons,primary--default--sm,action,MefButton,apps/practitioner-web/src/components/mef-primitives.tsx,tone=primary; state=default; size=sm,MefButton tone/state/size; focus-visible; disabled; aria-busy loading,52 axe scans; 38 primary + 14 state route captures,MAPPED,NONE
buttons--primary--default--md,buttons,primary--default--md,action,MefButton,apps/practitioner-web/src/components/mef-primitives.tsx,tone=primary; state=default; size=md,MefButton tone/state/size; focus-visible; disabled; aria-busy loading,52 axe scans; 38 primary + 14 state route captures,MAPPED,NONE
buttons--primary--default--lg,buttons,primary--default--lg,action,MefButton,apps/practitioner-web/src/components/mef-primitives.tsx,tone=primary; state=default; size=lg,MefButton tone/state/size; focus-visible; disabled; aria-busy loading,52 axe scans; 38 primary + 14 state route captures,MAPPED,NONE
buttons--primary--hover--sm,buttons,primary--hover--sm,action,MefButton,apps/practitioner-web/src/components/mef-primitives.tsx,tone=primary; state=hover; size=sm,MefButton tone/state/size; focus-visible; disabled; aria-busy loading,52 axe scans; 38 primary + 14 state route captures,MAPPED,NONE
buttons--primary--hover--md,buttons,primary--hover--md,action,MefButton,apps/practitioner-web/src/components/mef-primitives.tsx,tone=primary; state=hover; size=md,MefButton tone/state/size; focus-visible; disabled; aria-busy loading,52 axe scans; 38 primary + 14 state route captures,MAPPED,NONE
buttons--primary--hover--lg,buttons,primary--hover--lg,action,MefButton,apps/practitioner-web/src/components/mef-primitives.tsx,tone=primary; state=hover; size=lg,MefButton tone/state/size; focus-visible; disabled; aria-busy loading,52 axe scans; 38 primary + 14 state route captures,MAPPED,NONE
buttons--primary--pressed--sm,buttons,primary--pressed--sm,action,MefButton,apps/practitioner-web/src/components/mef-primitives.tsx,tone=primary; state=pressed; size=sm,MefButton tone/state/size; focus-visible; disabled; aria-busy loading,52 axe scans; 38 primary + 14 state route captures,MAPPED,NONE
buttons--primary--pressed--md,buttons,primary--pressed--md,action,MefButton,apps/practitioner-web/src/components/mef-primitives.tsx,tone=primary; state=pressed; size=md,MefButton tone/state/size; focus-visible; disabled; aria-busy loading,52 axe scans; 38 primary + 14 state route captures,MAPPED,NONE
buttons--primary--pressed--lg,buttons,primary--pressed--lg,action,MefButton,apps/practitioner-web/src/components/mef-primitives.tsx,tone=primary; state=pressed; size=lg,MefButton tone/state/size; focus-visible; disabled; aria-busy loading,52 axe scans; 38 primary + 14 state route captures,MAPPED,NONE
buttons--primary--focus--sm,buttons,primary--focus--sm,action,MefButton,apps/practitioner-web/src/components/mef-primitives.tsx,tone=primary; state=focus; size=sm,MefButton tone/state/size; focus-visible; disabled; aria-busy loading,52 axe scans; 38 primary + 14 state route captures,MAPPED,NONE
buttons--primary--focus--md,buttons,primary--focus--md,action,MefButton,apps/practitioner-web/src/components/mef-primitives.tsx,tone=primary; state=focus; size=md,MefButton tone/state/size; focus-visible; disabled; aria-busy loading,52 axe scans; 38 primary + 14 state route captures,MAPPED,NONE
buttons--primary--focus--lg,buttons,primary--focus--lg,action,MefButton,apps/practitioner-web/src/components/mef-primitives.tsx,tone=primary; state=focus; size=lg,MefButton tone/state/size; focus-visible; disabled; aria-busy loading,52 axe scans; 38 primary + 14 state route captures,MAPPED,NONE
buttons--primary--disabled--sm,buttons,primary--disabled--sm,action,MefButton,apps/practitioner-web/src/components/mef-primitives.tsx,tone=primary; state=disabled; size=sm,MefButton tone/state/size; focus-visible; disabled; aria-busy loading,52 axe scans; 38 primary + 14 state route captures,MAPPED,NONE
buttons--primary--disabled--md,buttons,primary--disabled--md,action,MefButton,apps/practitioner-web/src/components/mef-primitives.tsx,tone=primary; state=disabled; size=md,MefButton tone/state/size; focus-visible; disabled; aria-busy loading,52 axe scans; 38 primary + 14 state route captures,MAPPED,NONE
buttons--primary--disabled--lg,buttons,primary--disabled--lg,action,MefButton,apps/practitioner-web/src/components/mef-primitives.tsx,tone=primary; state=disabled; size=lg,MefButton tone/state/size; focus-visible; disabled; aria-busy loading,52 axe scans; 38 primary + 14 state route captures,MAPPED,NONE
buttons--primary--loading--sm,buttons,primary--loading--sm,action,MefButton,apps/practitioner-web/src/components/mef-primitives.tsx,tone=primary; state=loading; size=sm,MefButton tone/state/size; focus-visible; disabled; aria-busy loading,52 axe scans; 38 primary + 14 state route captures,MAPPED,NONE
buttons--primary--loading--md,buttons,primary--loading--md,action,MefButton,apps/practitioner-web/src/components/mef-primitives.tsx,tone=primary; state=loading; size=md,MefButton tone/state/size; focus-visible; disabled; aria-busy loading,52 axe scans; 38 primary + 14 state route captures,MAPPED,NONE
buttons--primary--loading--lg,buttons,primary--loading--lg,action,MefButton,apps/practitioner-web/src/components/mef-primitives.tsx,tone=primary; state=loading; size=lg,MefButton tone/state/size; focus-visible; disabled; aria-busy loading,52 axe scans; 38 primary + 14 state route captures,MAPPED,NONE
buttons--secondary--default--sm,buttons,secondary--default--sm,action,MefButton,apps/practitioner-web/src/components/mef-primitives.tsx,tone=secondary; state=default; size=sm,MefButton tone/state/size; focus-visible; disabled; aria-busy loading,52 axe scans; 38 primary + 14 state route captures,MAPPED,NONE
buttons--secondary--default--md,buttons,secondary--default--md,action,MefButton,apps/practitioner-web/src/components/mef-primitives.tsx,tone=secondary; state=default; size=md,MefButton tone/state/size; focus-visible; disabled; aria-busy loading,52 axe scans; 38 primary + 14 state route captures,MAPPED,NONE
buttons--secondary--default--lg,buttons,secondary--default--lg,action,MefButton,apps/practitioner-web/src/components/mef-primitives.tsx,tone=secondary; state=default; size=lg,MefButton tone/state/size; focus-visible; disabled; aria-busy loading,52 axe scans; 38 primary + 14 state route captures,MAPPED,NONE
buttons--secondary--hover--sm,buttons,secondary--hover--sm,action,MefButton,apps/practitioner-web/src/components/mef-primitives.tsx,tone=secondary; state=hover; size=sm,MefButton tone/state/size; focus-visible; disabled; aria-busy loading,52 axe scans; 38 primary + 14 state route captures,MAPPED,NONE
buttons--secondary--hover--md,buttons,secondary--hover--md,action,MefButton,apps/practitioner-web/src/components/mef-primitives.tsx,tone=secondary; state=hover; size=md,MefButton tone/state/size; focus-visible; disabled; aria-busy loading,52 axe scans; 38 primary + 14 state route captures,MAPPED,NONE
buttons--secondary--hover--lg,buttons,secondary--hover--lg,action,MefButton,apps/practitioner-web/src/components/mef-primitives.tsx,tone=secondary; state=hover; size=lg,MefButton tone/state/size; focus-visible; disabled; aria-busy loading,52 axe scans; 38 primary + 14 state route captures,MAPPED,NONE
buttons--secondary--pressed--sm,buttons,secondary--pressed--sm,action,MefButton,apps/practitioner-web/src/components/mef-primitives.tsx,tone=secondary; state=pressed; size=sm,MefButton tone/state/size; focus-visible; disabled; aria-busy loading,52 axe scans; 38 primary + 14 state route captures,MAPPED,NONE
buttons--secondary--pressed--md,buttons,secondary--pressed--md,action,MefButton,apps/practitioner-web/src/components/mef-primitives.tsx,tone=secondary; state=pressed; size=md,MefButton tone/state/size; focus-visible; disabled; aria-busy loading,52 axe scans; 38 primary + 14 state route captures,MAPPED,NONE
buttons--secondary--pressed--lg,buttons,secondary--pressed--lg,action,MefButton,apps/practitioner-web/src/components/mef-primitives.tsx,tone=secondary; state=pressed; size=lg,MefButton tone/state/size; focus-visible; disabled; aria-busy loading,52 axe scans; 38 primary + 14 state route captures,MAPPED,NONE
buttons--secondary--focus--sm,buttons,secondary--focus--sm,action,MefButton,apps/practitioner-web/src/components/mef-primitives.tsx,tone=secondary; state=focus; size=sm,MefButton tone/state/size; focus-visible; disabled; aria-busy loading,52 axe scans; 38 primary + 14 state route captures,MAPPED,NONE
buttons--secondary--focus--md,buttons,secondary--focus--md,action,MefButton,apps/practitioner-web/src/components/mef-primitives.tsx,tone=secondary; state=focus; size=md,MefButton tone/state/size; focus-visible; disabled; aria-busy loading,52 axe scans; 38 primary + 14 state route captures,MAPPED,NONE
buttons--secondary--focus--lg,buttons,secondary--focus--lg,action,MefButton,apps/practitioner-web/src/components/mef-primitives.tsx,tone=secondary; state=focus; size=lg,MefButton tone/state/size; focus-visible; disabled; aria-busy loading,52 axe scans; 38 primary + 14 state route captures,MAPPED,NONE
buttons--secondary--disabled--sm,buttons,secondary--disabled--sm,action,MefButton,apps/practitioner-web/src/components/mef-primitives.tsx,tone=secondary; state=disabled; size=sm,MefButton tone/state/size; focus-visible; disabled; aria-busy loading,52 axe scans; 38 primary + 14 state route captures,MAPPED,NONE
buttons--secondary--disabled--md,buttons,secondary--disabled--md,action,MefButton,apps/practitioner-web/src/components/mef-primitives.tsx,tone=secondary; state=disabled; size=md,MefButton tone/state/size; focus-visible; disabled; aria-busy loading,52 axe scans; 38 primary + 14 state route captures,MAPPED,NONE
buttons--secondary--disabled--lg,buttons,secondary--disabled--lg,action,MefButton,apps/practitioner-web/src/components/mef-primitives.tsx,tone=secondary; state=disabled; size=lg,MefButton tone/state/size; focus-visible; disabled; aria-busy loading,52 axe scans; 38 primary + 14 state route captures,MAPPED,NONE
buttons--secondary--loading--sm,buttons,secondary--loading--sm,action,MefButton,apps/practitioner-web/src/components/mef-primitives.tsx,tone=secondary; state=loading; size=sm,MefButton tone/state/size; focus-visible; disabled; aria-busy loading,52 axe scans; 38 primary + 14 state route captures,MAPPED,NONE
buttons--secondary--loading--md,buttons,secondary--loading--md,action,MefButton,apps/practitioner-web/src/components/mef-primitives.tsx,tone=secondary; state=loading; size=md,MefButton tone/state/size; focus-visible; disabled; aria-busy loading,52 axe scans; 38 primary + 14 state route captures,MAPPED,NONE
buttons--secondary--loading--lg,buttons,secondary--loading--lg,action,MefButton,apps/practitioner-web/src/components/mef-primitives.tsx,tone=secondary; state=loading; size=lg,MefButton tone/state/size; focus-visible; disabled; aria-busy loading,52 axe scans; 38 primary + 14 state route captures,MAPPED,NONE
buttons--tertiary--default--sm,buttons,tertiary--default--sm,action,MefButton,apps/practitioner-web/src/components/mef-primitives.tsx,tone=tertiary; state=default; size=sm,MefButton tone/state/size; focus-visible; disabled; aria-busy loading,52 axe scans; 38 primary + 14 state route captures,MAPPED,NONE
buttons--tertiary--default--md,buttons,tertiary--default--md,action,MefButton,apps/practitioner-web/src/components/mef-primitives.tsx,tone=tertiary; state=default; size=md,MefButton tone/state/size; focus-visible; disabled; aria-busy loading,52 axe scans; 38 primary + 14 state route captures,MAPPED,NONE
buttons--tertiary--default--lg,buttons,tertiary--default--lg,action,MefButton,apps/practitioner-web/src/components/mef-primitives.tsx,tone=tertiary; state=default; size=lg,MefButton tone/state/size; focus-visible; disabled; aria-busy loading,52 axe scans; 38 primary + 14 state route captures,MAPPED,NONE
buttons--tertiary--hover--sm,buttons,tertiary--hover--sm,action,MefButton,apps/practitioner-web/src/components/mef-primitives.tsx,tone=tertiary; state=hover; size=sm,MefButton tone/state/size; focus-visible; disabled; aria-busy loading,52 axe scans; 38 primary + 14 state route captures,MAPPED,NONE
buttons--tertiary--hover--md,buttons,tertiary--hover--md,action,MefButton,apps/practitioner-web/src/components/mef-primitives.tsx,tone=tertiary; state=hover; size=md,MefButton tone/state/size; focus-visible; disabled; aria-busy loading,52 axe scans; 38 primary + 14 state route captures,MAPPED,NONE
buttons--tertiary--hover--lg,buttons,tertiary--hover--lg,action,MefButton,apps/practitioner-web/src/components/mef-primitives.tsx,tone=tertiary; state=hover; size=lg,MefButton tone/state/size; focus-visible; disabled; aria-busy loading,52 axe scans; 38 primary + 14 state route captures,MAPPED,NONE
buttons--tertiary--pressed--sm,buttons,tertiary--pressed--sm,action,MefButton,apps/practitioner-web/src/components/mef-primitives.tsx,tone=tertiary; state=pressed; size=sm,MefButton tone/state/size; focus-visible; disabled; aria-busy loading,52 axe scans; 38 primary + 14 state route captures,MAPPED,NONE
buttons--tertiary--pressed--md,buttons,tertiary--pressed--md,action,MefButton,apps/practitioner-web/src/components/mef-primitives.tsx,tone=tertiary; state=pressed; size=md,MefButton tone/state/size; focus-visible; disabled; aria-busy loading,52 axe scans; 38 primary + 14 state route captures,MAPPED,NONE
buttons--tertiary--pressed--lg,buttons,tertiary--pressed--lg,action,MefButton,apps/practitioner-web/src/components/mef-primitives.tsx,tone=tertiary; state=pressed; size=lg,MefButton tone/state/size; focus-visible; disabled; aria-busy loading,52 axe scans; 38 primary + 14 state route captures,MAPPED,NONE
buttons--tertiary--focus--sm,buttons,tertiary--focus--sm,action,MefButton,apps/practitioner-web/src/components/mef-primitives.tsx,tone=tertiary; state=focus; size=sm,MefButton tone/state/size; focus-visible; disabled; aria-busy loading,52 axe scans; 38 primary + 14 state route captures,MAPPED,NONE
buttons--tertiary--focus--md,buttons,tertiary--focus--md,action,MefButton,apps/practitioner-web/src/components/mef-primitives.tsx,tone=tertiary; state=focus; size=md,MefButton tone/state/size; focus-visible; disabled; aria-busy loading,52 axe scans; 38 primary + 14 state route captures,MAPPED,NONE
buttons--tertiary--focus--lg,buttons,tertiary--focus--lg,action,MefButton,apps/practitioner-web/src/components/mef-primitives.tsx,tone=tertiary; state=focus; size=lg,MefButton tone/state/size; focus-visible; disabled; aria-busy loading,52 axe scans; 38 primary + 14 state route captures,MAPPED,NONE
buttons--tertiary--disabled--sm,buttons,tertiary--disabled--sm,action,MefButton,apps/practitioner-web/src/components/mef-primitives.tsx,tone=tertiary; state=disabled; size=sm,MefButton tone/state/size; focus-visible; disabled; aria-busy loading,52 axe scans; 38 primary + 14 state route captures,MAPPED,NONE
buttons--tertiary--disabled--md,buttons,tertiary--disabled--md,action,MefButton,apps/practitioner-web/src/components/mef-primitives.tsx,tone=tertiary; state=disabled; size=md,MefButton tone/state/size; focus-visible; disabled; aria-busy loading,52 axe scans; 38 primary + 14 state route captures,MAPPED,NONE
buttons--tertiary--disabled--lg,buttons,tertiary--disabled--lg,action,MefButton,apps/practitioner-web/src/components/mef-primitives.tsx,tone=tertiary; state=disabled; size=lg,MefButton tone/state/size; focus-visible; disabled; aria-busy loading,52 axe scans; 38 primary + 14 state route captures,MAPPED,NONE
buttons--tertiary--loading--sm,buttons,tertiary--loading--sm,action,MefButton,apps/practitioner-web/src/components/mef-primitives.tsx,tone=tertiary; state=loading; size=sm,MefButton tone/state/size; focus-visible; disabled; aria-busy loading,52 axe scans; 38 primary + 14 state route captures,MAPPED,NONE
buttons--tertiary--loading--md,buttons,tertiary--loading--md,action,MefButton,apps/practitioner-web/src/components/mef-primitives.tsx,tone=tertiary; state=loading; size=md,MefButton tone/state/size; focus-visible; disabled; aria-busy loading,52 axe scans; 38 primary + 14 state route captures,MAPPED,NONE
buttons--tertiary--loading--lg,buttons,tertiary--loading--lg,action,MefButton,apps/practitioner-web/src/components/mef-primitives.tsx,tone=tertiary; state=loading; size=lg,MefButton tone/state/size; focus-visible; disabled; aria-busy loading,52 axe scans; 38 primary + 14 state route captures,MAPPED,NONE
buttons--ghost--default--sm,buttons,ghost--default--sm,action,MefButton,apps/practitioner-web/src/components/mef-primitives.tsx,tone=ghost; state=default; size=sm,MefButton tone/state/size; focus-visible; disabled; aria-busy loading,52 axe scans; 38 primary + 14 state route captures,MAPPED,NONE
buttons--ghost--default--md,buttons,ghost--default--md,action,MefButton,apps/practitioner-web/src/components/mef-primitives.tsx,tone=ghost; state=default; size=md,MefButton tone/state/size; focus-visible; disabled; aria-busy loading,52 axe scans; 38 primary + 14 state route captures,MAPPED,NONE
buttons--ghost--default--lg,buttons,ghost--default--lg,action,MefButton,apps/practitioner-web/src/components/mef-primitives.tsx,tone=ghost; state=default; size=lg,MefButton tone/state/size; focus-visible; disabled; aria-busy loading,52 axe scans; 38 primary + 14 state route captures,MAPPED,NONE
buttons--ghost--hover--sm,buttons,ghost--hover--sm,action,MefButton,apps/practitioner-web/src/components/mef-primitives.tsx,tone=ghost; state=hover; size=sm,MefButton tone/state/size; focus-visible; disabled; aria-busy loading,52 axe scans; 38 primary + 14 state route captures,MAPPED,NONE
buttons--ghost--hover--md,buttons,ghost--hover--md,action,MefButton,apps/practitioner-web/src/components/mef-primitives.tsx,tone=ghost; state=hover; size=md,MefButton tone/state/size; focus-visible; disabled; aria-busy loading,52 axe scans; 38 primary + 14 state route captures,MAPPED,NONE
buttons--ghost--hover--lg,buttons,ghost--hover--lg,action,MefButton,apps/practitioner-web/src/components/mef-primitives.tsx,tone=ghost; state=hover; size=lg,MefButton tone/state/size; focus-visible; disabled; aria-busy loading,52 axe scans; 38 primary + 14 state route captures,MAPPED,NONE
buttons--ghost--pressed--sm,buttons,ghost--pressed--sm,action,MefButton,apps/practitioner-web/src/components/mef-primitives.tsx,tone=ghost; state=pressed; size=sm,MefButton tone/state/size; focus-visible; disabled; aria-busy loading,52 axe scans; 38 primary + 14 state route captures,MAPPED,NONE
buttons--ghost--pressed--md,buttons,ghost--pressed--md,action,MefButton,apps/practitioner-web/src/components/mef-primitives.tsx,tone=ghost; state=pressed; size=md,MefButton tone/state/size; focus-visible; disabled; aria-busy loading,52 axe scans; 38 primary + 14 state route captures,MAPPED,NONE
buttons--ghost--pressed--lg,buttons,ghost--pressed--lg,action,MefButton,apps/practitioner-web/src/components/mef-primitives.tsx,tone=ghost; state=pressed; size=lg,MefButton tone/state/size; focus-visible; disabled; aria-busy loading,52 axe scans; 38 primary + 14 state route captures,MAPPED,NONE
buttons--ghost--focus--sm,buttons,ghost--focus--sm,action,MefButton,apps/practitioner-web/src/components/mef-primitives.tsx,tone=ghost; state=focus; size=sm,MefButton tone/state/size; focus-visible; disabled; aria-busy loading,52 axe scans; 38 primary + 14 state route captures,MAPPED,NONE
buttons--ghost--focus--md,buttons,ghost--focus--md,action,MefButton,apps/practitioner-web/src/components/mef-primitives.tsx,tone=ghost; state=focus; size=md,MefButton tone/state/size; focus-visible; disabled; aria-busy loading,52 axe scans; 38 primary + 14 state route captures,MAPPED,NONE
buttons--ghost--focus--lg,buttons,ghost--focus--lg,action,MefButton,apps/practitioner-web/src/components/mef-primitives.tsx,tone=ghost; state=focus; size=lg,MefButton tone/state/size; focus-visible; disabled; aria-busy loading,52 axe scans; 38 primary + 14 state route captures,MAPPED,NONE
buttons--ghost--disabled--sm,buttons,ghost--disabled--sm,action,MefButton,apps/practitioner-web/src/components/mef-primitives.tsx,tone=ghost; state=disabled; size=sm,MefButton tone/state/size; focus-visible; disabled; aria-busy loading,52 axe scans; 38 primary + 14 state route captures,MAPPED,NONE
buttons--ghost--disabled--md,buttons,ghost--disabled--md,action,MefButton,apps/practitioner-web/src/components/mef-primitives.tsx,tone=ghost; state=disabled; size=md,MefButton tone/state/size; focus-visible; disabled; aria-busy loading,52 axe scans; 38 primary + 14 state route captures,MAPPED,NONE
buttons--ghost--disabled--lg,buttons,ghost--disabled--lg,action,MefButton,apps/practitioner-web/src/components/mef-primitives.tsx,tone=ghost; state=disabled; size=lg,MefButton tone/state/size; focus-visible; disabled; aria-busy loading,52 axe scans; 38 primary + 14 state route captures,MAPPED,NONE
buttons--ghost--loading--sm,buttons,ghost--loading--sm,action,MefButton,apps/practitioner-web/src/components/mef-primitives.tsx,tone=ghost; state=loading; size=sm,MefButton tone/state/size; focus-visible; disabled; aria-busy loading,52 axe scans; 38 primary + 14 state route captures,MAPPED,NONE
buttons--ghost--loading--md,buttons,ghost--loading--md,action,MefButton,apps/practitioner-web/src/components/mef-primitives.tsx,tone=ghost; state=loading; size=md,MefButton tone/state/size; focus-visible; disabled; aria-busy loading,52 axe scans; 38 primary + 14 state route captures,MAPPED,NONE
buttons--ghost--loading--lg,buttons,ghost--loading--lg,action,MefButton,apps/practitioner-web/src/components/mef-primitives.tsx,tone=ghost; state=loading; size=lg,MefButton tone/state/size; focus-visible; disabled; aria-busy loading,52 axe scans; 38 primary + 14 state route captures,MAPPED,NONE
buttons--violet--default--sm,buttons,violet--default--sm,action,MefButton,apps/practitioner-web/src/components/mef-primitives.tsx,tone=violet; state=default; size=sm,MefButton tone/state/size; focus-visible; disabled; aria-busy loading,52 axe scans; 38 primary + 14 state route captures,MAPPED,NONE
buttons--violet--default--md,buttons,violet--default--md,action,MefButton,apps/practitioner-web/src/components/mef-primitives.tsx,tone=violet; state=default; size=md,MefButton tone/state/size; focus-visible; disabled; aria-busy loading,52 axe scans; 38 primary + 14 state route captures,MAPPED,NONE
buttons--violet--default--lg,buttons,violet--default--lg,action,MefButton,apps/practitioner-web/src/components/mef-primitives.tsx,tone=violet; state=default; size=lg,MefButton tone/state/size; focus-visible; disabled; aria-busy loading,52 axe scans; 38 primary + 14 state route captures,MAPPED,NONE
buttons--violet--hover--sm,buttons,violet--hover--sm,action,MefButton,apps/practitioner-web/src/components/mef-primitives.tsx,tone=violet; state=hover; size=sm,MefButton tone/state/size; focus-visible; disabled; aria-busy loading,52 axe scans; 38 primary + 14 state route captures,MAPPED,NONE
buttons--violet--hover--md,buttons,violet--hover--md,action,MefButton,apps/practitioner-web/src/components/mef-primitives.tsx,tone=violet; state=hover; size=md,MefButton tone/state/size; focus-visible; disabled; aria-busy loading,52 axe scans; 38 primary + 14 state route captures,MAPPED,NONE
buttons--violet--hover--lg,buttons,violet--hover--lg,action,MefButton,apps/practitioner-web/src/components/mef-primitives.tsx,tone=violet; state=hover; size=lg,MefButton tone/state/size; focus-visible; disabled; aria-busy loading,52 axe scans; 38 primary + 14 state route captures,MAPPED,NONE
buttons--violet--pressed--sm,buttons,violet--pressed--sm,action,MefButton,apps/practitioner-web/src/components/mef-primitives.tsx,tone=violet; state=pressed; size=sm,MefButton tone/state/size; focus-visible; disabled; aria-busy loading,52 axe scans; 38 primary + 14 state route captures,MAPPED,NONE
buttons--violet--pressed--md,buttons,violet--pressed--md,action,MefButton,apps/practitioner-web/src/components/mef-primitives.tsx,tone=violet; state=pressed; size=md,MefButton tone/state/size; focus-visible; disabled; aria-busy loading,52 axe scans; 38 primary + 14 state route captures,MAPPED,NONE
buttons--violet--pressed--lg,buttons,violet--pressed--lg,action,MefButton,apps/practitioner-web/src/components/mef-primitives.tsx,tone=violet; state=pressed; size=lg,MefButton tone/state/size; focus-visible; disabled; aria-busy loading,52 axe scans; 38 primary + 14 state route captures,MAPPED,NONE
buttons--violet--focus--sm,buttons,violet--focus--sm,action,MefButton,apps/practitioner-web/src/components/mef-primitives.tsx,tone=violet; state=focus; size=sm,MefButton tone/state/size; focus-visible; disabled; aria-busy loading,52 axe scans; 38 primary + 14 state route captures,MAPPED,NONE
buttons--violet--focus--md,buttons,violet--focus--md,action,MefButton,apps/practitioner-web/src/components/mef-primitives.tsx,tone=violet; state=focus; size=md,MefButton tone/state/size; focus-visible; disabled; aria-busy loading,52 axe scans; 38 primary + 14 state route captures,MAPPED,NONE
buttons--violet--focus--lg,buttons,violet--focus--lg,action,MefButton,apps/practitioner-web/src/components/mef-primitives.tsx,tone=violet; state=focus; size=lg,MefButton tone/state/size; focus-visible; disabled; aria-busy loading,52 axe scans; 38 primary + 14 state route captures,MAPPED,NONE
buttons--violet--disabled--sm,buttons,violet--disabled--sm,action,MefButton,apps/practitioner-web/src/components/mef-primitives.tsx,tone=violet; state=disabled; size=sm,MefButton tone/state/size; focus-visible; disabled; aria-busy loading,52 axe scans; 38 primary + 14 state route captures,MAPPED,NONE
buttons--violet--disabled--md,buttons,violet--disabled--md,action,MefButton,apps/practitioner-web/src/components/mef-primitives.tsx,tone=violet; state=disabled; size=md,MefButton tone/state/size; focus-visible; disabled; aria-busy loading,52 axe scans; 38 primary + 14 state route captures,MAPPED,NONE
buttons--violet--disabled--lg,buttons,violet--disabled--lg,action,MefButton,apps/practitioner-web/src/components/mef-primitives.tsx,tone=violet; state=disabled; size=lg,MefButton tone/state/size; focus-visible; disabled; aria-busy loading,52 axe scans; 38 primary + 14 state route captures,MAPPED,NONE
buttons--violet--loading--sm,buttons,violet--loading--sm,action,MefButton,apps/practitioner-web/src/components/mef-primitives.tsx,tone=violet; state=loading; size=sm,MefButton tone/state/size; focus-visible; disabled; aria-busy loading,52 axe scans; 38 primary + 14 state route captures,MAPPED,NONE
buttons--violet--loading--md,buttons,violet--loading--md,action,MefButton,apps/practitioner-web/src/components/mef-primitives.tsx,tone=violet; state=loading; size=md,MefButton tone/state/size; focus-visible; disabled; aria-busy loading,52 axe scans; 38 primary + 14 state route captures,MAPPED,NONE
buttons--violet--loading--lg,buttons,violet--loading--lg,action,MefButton,apps/practitioner-web/src/components/mef-primitives.tsx,tone=violet; state=loading; size=lg,MefButton tone/state/size; focus-visible; disabled; aria-busy loading,52 axe scans; 38 primary + 14 state route captures,MAPPED,NONE
buttons--danger--default--sm,buttons,danger--default--sm,action,MefButton,apps/practitioner-web/src/components/mef-primitives.tsx,tone=danger; state=default; size=sm,MefButton tone/state/size; focus-visible; disabled; aria-busy loading,52 axe scans; 38 primary + 14 state route captures,MAPPED,NONE
buttons--danger--default--md,buttons,danger--default--md,action,MefButton,apps/practitioner-web/src/components/mef-primitives.tsx,tone=danger; state=default; size=md,MefButton tone/state/size; focus-visible; disabled; aria-busy loading,52 axe scans; 38 primary + 14 state route captures,MAPPED,NONE
buttons--danger--default--lg,buttons,danger--default--lg,action,MefButton,apps/practitioner-web/src/components/mef-primitives.tsx,tone=danger; state=default; size=lg,MefButton tone/state/size; focus-visible; disabled; aria-busy loading,52 axe scans; 38 primary + 14 state route captures,MAPPED,NONE
buttons--danger--hover--sm,buttons,danger--hover--sm,action,MefButton,apps/practitioner-web/src/components/mef-primitives.tsx,tone=danger; state=hover; size=sm,MefButton tone/state/size; focus-visible; disabled; aria-busy loading,52 axe scans; 38 primary + 14 state route captures,MAPPED,NONE
buttons--danger--hover--md,buttons,danger--hover--md,action,MefButton,apps/practitioner-web/src/components/mef-primitives.tsx,tone=danger; state=hover; size=md,MefButton tone/state/size; focus-visible; disabled; aria-busy loading,52 axe scans; 38 primary + 14 state route captures,MAPPED,NONE
buttons--danger--hover--lg,buttons,danger--hover--lg,action,MefButton,apps/practitioner-web/src/components/mef-primitives.tsx,tone=danger; state=hover; size=lg,MefButton tone/state/size; focus-visible; disabled; aria-busy loading,52 axe scans; 38 primary + 14 state route captures,MAPPED,NONE
buttons--danger--pressed--sm,buttons,danger--pressed--sm,action,MefButton,apps/practitioner-web/src/components/mef-primitives.tsx,tone=danger; state=pressed; size=sm,MefButton tone/state/size; focus-visible; disabled; aria-busy loading,52 axe scans; 38 primary + 14 state route captures,MAPPED,NONE
buttons--danger--pressed--md,buttons,danger--pressed--md,action,MefButton,apps/practitioner-web/src/components/mef-primitives.tsx,tone=danger; state=pressed; size=md,MefButton tone/state/size; focus-visible; disabled; aria-busy loading,52 axe scans; 38 primary + 14 state route captures,MAPPED,NONE
buttons--danger--pressed--lg,buttons,danger--pressed--lg,action,MefButton,apps/practitioner-web/src/components/mef-primitives.tsx,tone=danger; state=pressed; size=lg,MefButton tone/state/size; focus-visible; disabled; aria-busy loading,52 axe scans; 38 primary + 14 state route captures,MAPPED,NONE
buttons--danger--focus--sm,buttons,danger--focus--sm,action,MefButton,apps/practitioner-web/src/components/mef-primitives.tsx,tone=danger; state=focus; size=sm,MefButton tone/state/size; focus-visible; disabled; aria-busy loading,52 axe scans; 38 primary + 14 state route captures,MAPPED,NONE
buttons--danger--focus--md,buttons,danger--focus--md,action,MefButton,apps/practitioner-web/src/components/mef-primitives.tsx,tone=danger; state=focus; size=md,MefButton tone/state/size; focus-visible; disabled; aria-busy loading,52 axe scans; 38 primary + 14 state route captures,MAPPED,NONE
buttons--danger--focus--lg,buttons,danger--focus--lg,action,MefButton,apps/practitioner-web/src/components/mef-primitives.tsx,tone=danger; state=focus; size=lg,MefButton tone/state/size; focus-visible; disabled; aria-busy loading,52 axe scans; 38 primary + 14 state route captures,MAPPED,NONE
buttons--danger--disabled--sm,buttons,danger--disabled--sm,action,MefButton,apps/practitioner-web/src/components/mef-primitives.tsx,tone=danger; state=disabled; size=sm,MefButton tone/state/size; focus-visible; disabled; aria-busy loading,52 axe scans; 38 primary + 14 state route captures,MAPPED,NONE
buttons--danger--disabled--md,buttons,danger--disabled--md,action,MefButton,apps/practitioner-web/src/components/mef-primitives.tsx,tone=danger; state=disabled; size=md,MefButton tone/state/size; focus-visible; disabled; aria-busy loading,52 axe scans; 38 primary + 14 state route captures,MAPPED,NONE
buttons--danger--disabled--lg,buttons,danger--disabled--lg,action,MefButton,apps/practitioner-web/src/components/mef-primitives.tsx,tone=danger; state=disabled; size=lg,MefButton tone/state/size; focus-visible; disabled; aria-busy loading,52 axe scans; 38 primary + 14 state route captures,MAPPED,NONE
buttons--danger--loading--sm,buttons,danger--loading--sm,action,MefButton,apps/practitioner-web/src/components/mef-primitives.tsx,tone=danger; state=loading; size=sm,MefButton tone/state/size; focus-visible; disabled; aria-busy loading,52 axe scans; 38 primary + 14 state route captures,MAPPED,NONE
buttons--danger--loading--md,buttons,danger--loading--md,action,MefButton,apps/practitioner-web/src/components/mef-primitives.tsx,tone=danger; state=loading; size=md,MefButton tone/state/size; focus-visible; disabled; aria-busy loading,52 axe scans; 38 primary + 14 state route captures,MAPPED,NONE
buttons--danger--loading--lg,buttons,danger--loading--lg,action,MefButton,apps/practitioner-web/src/components/mef-primitives.tsx,tone=danger; state=loading; size=lg,MefButton tone/state/size; focus-visible; disabled; aria-busy loading,52 axe scans; 38 primary + 14 state route captures,MAPPED,NONE
buttons--success--default--sm,buttons,success--default--sm,action,MefButton,apps/practitioner-web/src/components/mef-primitives.tsx,tone=success; state=default; size=sm,MefButton tone/state/size; focus-visible; disabled; aria-busy loading,52 axe scans; 38 primary + 14 state route captures,MAPPED,NONE
buttons--success--default--md,buttons,success--default--md,action,MefButton,apps/practitioner-web/src/components/mef-primitives.tsx,tone=success; state=default; size=md,MefButton tone/state/size; focus-visible; disabled; aria-busy loading,52 axe scans; 38 primary + 14 state route captures,MAPPED,NONE
buttons--success--default--lg,buttons,success--default--lg,action,MefButton,apps/practitioner-web/src/components/mef-primitives.tsx,tone=success; state=default; size=lg,MefButton tone/state/size; focus-visible; disabled; aria-busy loading,52 axe scans; 38 primary + 14 state route captures,MAPPED,NONE
buttons--success--hover--sm,buttons,success--hover--sm,action,MefButton,apps/practitioner-web/src/components/mef-primitives.tsx,tone=success; state=hover; size=sm,MefButton tone/state/size; focus-visible; disabled; aria-busy loading,52 axe scans; 38 primary + 14 state route captures,MAPPED,NONE
buttons--success--hover--md,buttons,success--hover--md,action,MefButton,apps/practitioner-web/src/components/mef-primitives.tsx,tone=success; state=hover; size=md,MefButton tone/state/size; focus-visible; disabled; aria-busy loading,52 axe scans; 38 primary + 14 state route captures,MAPPED,NONE
buttons--success--hover--lg,buttons,success--hover--lg,action,MefButton,apps/practitioner-web/src/components/mef-primitives.tsx,tone=success; state=hover; size=lg,MefButton tone/state/size; focus-visible; disabled; aria-busy loading,52 axe scans; 38 primary + 14 state route captures,MAPPED,NONE
buttons--success--pressed--sm,buttons,success--pressed--sm,action,MefButton,apps/practitioner-web/src/components/mef-primitives.tsx,tone=success; state=pressed; size=sm,MefButton tone/state/size; focus-visible; disabled; aria-busy loading,52 axe scans; 38 primary + 14 state route captures,MAPPED,NONE
buttons--success--pressed--md,buttons,success--pressed--md,action,MefButton,apps/practitioner-web/src/components/mef-primitives.tsx,tone=success; state=pressed; size=md,MefButton tone/state/size; focus-visible; disabled; aria-busy loading,52 axe scans; 38 primary + 14 state route captures,MAPPED,NONE
buttons--success--pressed--lg,buttons,success--pressed--lg,action,MefButton,apps/practitioner-web/src/components/mef-primitives.tsx,tone=success; state=pressed; size=lg,MefButton tone/state/size; focus-visible; disabled; aria-busy loading,52 axe scans; 38 primary + 14 state route captures,MAPPED,NONE
buttons--success--focus--sm,buttons,success--focus--sm,action,MefButton,apps/practitioner-web/src/components/mef-primitives.tsx,tone=success; state=focus; size=sm,MefButton tone/state/size; focus-visible; disabled; aria-busy loading,52 axe scans; 38 primary + 14 state route captures,MAPPED,NONE
buttons--success--focus--md,buttons,success--focus--md,action,MefButton,apps/practitioner-web/src/components/mef-primitives.tsx,tone=success; state=focus; size=md,MefButton tone/state/size; focus-visible; disabled; aria-busy loading,52 axe scans; 38 primary + 14 state route captures,MAPPED,NONE
buttons--success--focus--lg,buttons,success--focus--lg,action,MefButton,apps/practitioner-web/src/components/mef-primitives.tsx,tone=success; state=focus; size=lg,MefButton tone/state/size; focus-visible; disabled; aria-busy loading,52 axe scans; 38 primary + 14 state route captures,MAPPED,NONE
buttons--success--disabled--sm,buttons,success--disabled--sm,action,MefButton,apps/practitioner-web/src/components/mef-primitives.tsx,tone=success; state=disabled; size=sm,MefButton tone/state/size; focus-visible; disabled; aria-busy loading,52 axe scans; 38 primary + 14 state route captures,MAPPED,NONE
buttons--success--disabled--md,buttons,success--disabled--md,action,MefButton,apps/practitioner-web/src/components/mef-primitives.tsx,tone=success; state=disabled; size=md,MefButton tone/state/size; focus-visible; disabled; aria-busy loading,52 axe scans; 38 primary + 14 state route captures,MAPPED,NONE
buttons--success--disabled--lg,buttons,success--disabled--lg,action,MefButton,apps/practitioner-web/src/components/mef-primitives.tsx,tone=success; state=disabled; size=lg,MefButton tone/state/size; focus-visible; disabled; aria-busy loading,52 axe scans; 38 primary + 14 state route captures,MAPPED,NONE
buttons--success--loading--sm,buttons,success--loading--sm,action,MefButton,apps/practitioner-web/src/components/mef-primitives.tsx,tone=success; state=loading; size=sm,MefButton tone/state/size; focus-visible; disabled; aria-busy loading,52 axe scans; 38 primary + 14 state route captures,MAPPED,NONE
buttons--success--loading--md,buttons,success--loading--md,action,MefButton,apps/practitioner-web/src/components/mef-primitives.tsx,tone=success; state=loading; size=md,MefButton tone/state/size; focus-visible; disabled; aria-busy loading,52 axe scans; 38 primary + 14 state route captures,MAPPED,NONE
buttons--success--loading--lg,buttons,success--loading--lg,action,MefButton,apps/practitioner-web/src/components/mef-primitives.tsx,tone=success; state=loading; size=lg,MefButton tone/state/size; focus-visible; disabled; aria-busy loading,52 axe scans; 38 primary + 14 state route captures,MAPPED,NONE
inputs--text--default,inputs,text--default,data-entry,MefField + native .mef-field control,apps/practitioner-web/src/components/mef-primitives.tsx; apps/practitioner-web/app/globals.css,type=text; state=default,type/state contract; label association; focus/error/disabled CSS and aria-invalid seams,52 axe scans; 38 primary + 14 state route captures,MAPPED,NONE
inputs--text--focus,inputs,text--focus,data-entry,MefField + native .mef-field control,apps/practitioner-web/src/components/mef-primitives.tsx; apps/practitioner-web/app/globals.css,type=text; state=focus,type/state contract; label association; focus/error/disabled CSS and aria-invalid seams,52 axe scans; 38 primary + 14 state route captures,MAPPED,NONE
inputs--text--error,inputs,text--error,data-entry,MefField + native .mef-field control,apps/practitioner-web/src/components/mef-primitives.tsx; apps/practitioner-web/app/globals.css,type=text; state=error,type/state contract; label association; focus/error/disabled CSS and aria-invalid seams,52 axe scans; 38 primary + 14 state route captures,MAPPED,NONE
inputs--text--disabled,inputs,text--disabled,data-entry,MefField + native .mef-field control,apps/practitioner-web/src/components/mef-primitives.tsx; apps/practitioner-web/app/globals.css,type=text; state=disabled,type/state contract; label association; focus/error/disabled CSS and aria-invalid seams,52 axe scans; 38 primary + 14 state route captures,MAPPED,NONE
inputs--number--default,inputs,number--default,data-entry,MefField + native .mef-field control,apps/practitioner-web/src/components/mef-primitives.tsx; apps/practitioner-web/app/globals.css,type=number; state=default,type/state contract; label association; focus/error/disabled CSS and aria-invalid seams,52 axe scans; 38 primary + 14 state route captures,MAPPED,NONE
inputs--number--focus,inputs,number--focus,data-entry,MefField + native .mef-field control,apps/practitioner-web/src/components/mef-primitives.tsx; apps/practitioner-web/app/globals.css,type=number; state=focus,type/state contract; label association; focus/error/disabled CSS and aria-invalid seams,52 axe scans; 38 primary + 14 state route captures,MAPPED,NONE
inputs--number--error,inputs,number--error,data-entry,MefField + native .mef-field control,apps/practitioner-web/src/components/mef-primitives.tsx; apps/practitioner-web/app/globals.css,type=number; state=error,type/state contract; label association; focus/error/disabled CSS and aria-invalid seams,52 axe scans; 38 primary + 14 state route captures,MAPPED,NONE
inputs--number--disabled,inputs,number--disabled,data-entry,MefField + native .mef-field control,apps/practitioner-web/src/components/mef-primitives.tsx; apps/practitioner-web/app/globals.css,type=number; state=disabled,type/state contract; label association; focus/error/disabled CSS and aria-invalid seams,52 axe scans; 38 primary + 14 state route captures,MAPPED,NONE
inputs--search--default,inputs,search--default,data-entry,MefField + native .mef-field control,apps/practitioner-web/src/components/mef-primitives.tsx; apps/practitioner-web/app/globals.css,type=search; state=default,type/state contract; label association; focus/error/disabled CSS and aria-invalid seams,52 axe scans; 38 primary + 14 state route captures,MAPPED,NONE
inputs--search--focus,inputs,search--focus,data-entry,MefField + native .mef-field control,apps/practitioner-web/src/components/mef-primitives.tsx; apps/practitioner-web/app/globals.css,type=search; state=focus,type/state contract; label association; focus/error/disabled CSS and aria-invalid seams,52 axe scans; 38 primary + 14 state route captures,MAPPED,NONE
inputs--search--error,inputs,search--error,data-entry,MefField + native .mef-field control,apps/practitioner-web/src/components/mef-primitives.tsx; apps/practitioner-web/app/globals.css,type=search; state=error,type/state contract; label association; focus/error/disabled CSS and aria-invalid seams,52 axe scans; 38 primary + 14 state route captures,MAPPED,NONE
inputs--search--disabled,inputs,search--disabled,data-entry,MefField + native .mef-field control,apps/practitioner-web/src/components/mef-primitives.tsx; apps/practitioner-web/app/globals.css,type=search; state=disabled,type/state contract; label association; focus/error/disabled CSS and aria-invalid seams,52 axe scans; 38 primary + 14 state route captures,MAPPED,NONE
inputs--password--default,inputs,password--default,data-entry,MefField + native .mef-field control,apps/practitioner-web/src/components/mef-primitives.tsx; apps/practitioner-web/app/globals.css,type=password; state=default,type/state contract; label association; focus/error/disabled CSS and aria-invalid seams,52 axe scans; 38 primary + 14 state route captures,MAPPED,NONE
inputs--password--focus,inputs,password--focus,data-entry,MefField + native .mef-field control,apps/practitioner-web/src/components/mef-primitives.tsx; apps/practitioner-web/app/globals.css,type=password; state=focus,type/state contract; label association; focus/error/disabled CSS and aria-invalid seams,52 axe scans; 38 primary + 14 state route captures,MAPPED,NONE
inputs--password--error,inputs,password--error,data-entry,MefField + native .mef-field control,apps/practitioner-web/src/components/mef-primitives.tsx; apps/practitioner-web/app/globals.css,type=password; state=error,type/state contract; label association; focus/error/disabled CSS and aria-invalid seams,52 axe scans; 38 primary + 14 state route captures,MAPPED,NONE
inputs--password--disabled,inputs,password--disabled,data-entry,MefField + native .mef-field control,apps/practitioner-web/src/components/mef-primitives.tsx; apps/practitioner-web/app/globals.css,type=password; state=disabled,type/state contract; label association; focus/error/disabled CSS and aria-invalid seams,52 axe scans; 38 primary + 14 state route captures,MAPPED,NONE
inputs--textarea--default,inputs,textarea--default,data-entry,MefField + native .mef-field control,apps/practitioner-web/src/components/mef-primitives.tsx; apps/practitioner-web/app/globals.css,type=textarea; state=default,type/state contract; label association; focus/error/disabled CSS and aria-invalid seams,52 axe scans; 38 primary + 14 state route captures,MAPPED,NONE
inputs--textarea--focus,inputs,textarea--focus,data-entry,MefField + native .mef-field control,apps/practitioner-web/src/components/mef-primitives.tsx; apps/practitioner-web/app/globals.css,type=textarea; state=focus,type/state contract; label association; focus/error/disabled CSS and aria-invalid seams,52 axe scans; 38 primary + 14 state route captures,MAPPED,NONE
inputs--textarea--error,inputs,textarea--error,data-entry,MefField + native .mef-field control,apps/practitioner-web/src/components/mef-primitives.tsx; apps/practitioner-web/app/globals.css,type=textarea; state=error,type/state contract; label association; focus/error/disabled CSS and aria-invalid seams,52 axe scans; 38 primary + 14 state route captures,MAPPED,NONE
inputs--textarea--disabled,inputs,textarea--disabled,data-entry,MefField + native .mef-field control,apps/practitioner-web/src/components/mef-primitives.tsx; apps/practitioner-web/app/globals.css,type=textarea; state=disabled,type/state contract; label association; focus/error/disabled CSS and aria-invalid seams,52 axe scans; 38 primary + 14 state route captures,MAPPED,NONE
inputs--select--default,inputs,select--default,data-entry,MefField + native .mef-field control,apps/practitioner-web/src/components/mef-primitives.tsx; apps/practitioner-web/app/globals.css,type=select; state=default,type/state contract; label association; focus/error/disabled CSS and aria-invalid seams,52 axe scans; 38 primary + 14 state route captures,MAPPED,NONE
inputs--select--focus,inputs,select--focus,data-entry,MefField + native .mef-field control,apps/practitioner-web/src/components/mef-primitives.tsx; apps/practitioner-web/app/globals.css,type=select; state=focus,type/state contract; label association; focus/error/disabled CSS and aria-invalid seams,52 axe scans; 38 primary + 14 state route captures,MAPPED,NONE
inputs--select--error,inputs,select--error,data-entry,MefField + native .mef-field control,apps/practitioner-web/src/components/mef-primitives.tsx; apps/practitioner-web/app/globals.css,type=select; state=error,type/state contract; label association; focus/error/disabled CSS and aria-invalid seams,52 axe scans; 38 primary + 14 state route captures,MAPPED,NONE
inputs--select--disabled,inputs,select--disabled,data-entry,MefField + native .mef-field control,apps/practitioner-web/src/components/mef-primitives.tsx; apps/practitioner-web/app/globals.css,type=select; state=disabled,type/state contract; label association; focus/error/disabled CSS and aria-invalid seams,52 axe scans; 38 primary + 14 state route captures,MAPPED,NONE
inputs--multiselect--default,inputs,multiselect--default,data-entry,MefField + native .mef-field control,apps/practitioner-web/src/components/mef-primitives.tsx; apps/practitioner-web/app/globals.css,type=multiselect; state=default,type/state contract; label association; focus/error/disabled CSS and aria-invalid seams,52 axe scans; 38 primary + 14 state route captures,MAPPED,NONE
inputs--multiselect--focus,inputs,multiselect--focus,data-entry,MefField + native .mef-field control,apps/practitioner-web/src/components/mef-primitives.tsx; apps/practitioner-web/app/globals.css,type=multiselect; state=focus,type/state contract; label association; focus/error/disabled CSS and aria-invalid seams,52 axe scans; 38 primary + 14 state route captures,MAPPED,NONE
inputs--multiselect--error,inputs,multiselect--error,data-entry,MefField + native .mef-field control,apps/practitioner-web/src/components/mef-primitives.tsx; apps/practitioner-web/app/globals.css,type=multiselect; state=error,type/state contract; label association; focus/error/disabled CSS and aria-invalid seams,52 axe scans; 38 primary + 14 state route captures,MAPPED,NONE
inputs--multiselect--disabled,inputs,multiselect--disabled,data-entry,MefField + native .mef-field control,apps/practitioner-web/src/components/mef-primitives.tsx; apps/practitioner-web/app/globals.css,type=multiselect; state=disabled,type/state contract; label association; focus/error/disabled CSS and aria-invalid seams,52 axe scans; 38 primary + 14 state route captures,MAPPED,NONE
inputs--autocomplete--default,inputs,autocomplete--default,data-entry,MefField + native .mef-field control,apps/practitioner-web/src/components/mef-primitives.tsx; apps/practitioner-web/app/globals.css,type=autocomplete; state=default,type/state contract; label association; focus/error/disabled CSS and aria-invalid seams,52 axe scans; 38 primary + 14 state route captures,MAPPED,NONE
inputs--autocomplete--focus,inputs,autocomplete--focus,data-entry,MefField + native .mef-field control,apps/practitioner-web/src/components/mef-primitives.tsx; apps/practitioner-web/app/globals.css,type=autocomplete; state=focus,type/state contract; label association; focus/error/disabled CSS and aria-invalid seams,52 axe scans; 38 primary + 14 state route captures,MAPPED,NONE
inputs--autocomplete--error,inputs,autocomplete--error,data-entry,MefField + native .mef-field control,apps/practitioner-web/src/components/mef-primitives.tsx; apps/practitioner-web/app/globals.css,type=autocomplete; state=error,type/state contract; label association; focus/error/disabled CSS and aria-invalid seams,52 axe scans; 38 primary + 14 state route captures,MAPPED,NONE
inputs--autocomplete--disabled,inputs,autocomplete--disabled,data-entry,MefField + native .mef-field control,apps/practitioner-web/src/components/mef-primitives.tsx; apps/practitioner-web/app/globals.css,type=autocomplete; state=disabled,type/state contract; label association; focus/error/disabled CSS and aria-invalid seams,52 axe scans; 38 primary + 14 state route captures,MAPPED,NONE
inputs--date--default,inputs,date--default,data-entry,MefField + native .mef-field control,apps/practitioner-web/src/components/mef-primitives.tsx; apps/practitioner-web/app/globals.css,type=date; state=default,type/state contract; label association; focus/error/disabled CSS and aria-invalid seams,52 axe scans; 38 primary + 14 state route captures,MAPPED,NONE
inputs--date--focus,inputs,date--focus,data-entry,MefField + native .mef-field control,apps/practitioner-web/src/components/mef-primitives.tsx; apps/practitioner-web/app/globals.css,type=date; state=focus,type/state contract; label association; focus/error/disabled CSS and aria-invalid seams,52 axe scans; 38 primary + 14 state route captures,MAPPED,NONE
inputs--date--error,inputs,date--error,data-entry,MefField + native .mef-field control,apps/practitioner-web/src/components/mef-primitives.tsx; apps/practitioner-web/app/globals.css,type=date; state=error,type/state contract; label association; focus/error/disabled CSS and aria-invalid seams,52 axe scans; 38 primary + 14 state route captures,MAPPED,NONE
inputs--date--disabled,inputs,date--disabled,data-entry,MefField + native .mef-field control,apps/practitioner-web/src/components/mef-primitives.tsx; apps/practitioner-web/app/globals.css,type=date; state=disabled,type/state contract; label association; focus/error/disabled CSS and aria-invalid seams,52 axe scans; 38 primary + 14 state route captures,MAPPED,NONE
inputs--time--default,inputs,time--default,data-entry,MefField + native .mef-field control,apps/practitioner-web/src/components/mef-primitives.tsx; apps/practitioner-web/app/globals.css,type=time; state=default,type/state contract; label association; focus/error/disabled CSS and aria-invalid seams,52 axe scans; 38 primary + 14 state route captures,MAPPED,NONE
inputs--time--focus,inputs,time--focus,data-entry,MefField + native .mef-field control,apps/practitioner-web/src/components/mef-primitives.tsx; apps/practitioner-web/app/globals.css,type=time; state=focus,type/state contract; label association; focus/error/disabled CSS and aria-invalid seams,52 axe scans; 38 primary + 14 state route captures,MAPPED,NONE
inputs--time--error,inputs,time--error,data-entry,MefField + native .mef-field control,apps/practitioner-web/src/components/mef-primitives.tsx; apps/practitioner-web/app/globals.css,type=time; state=error,type/state contract; label association; focus/error/disabled CSS and aria-invalid seams,52 axe scans; 38 primary + 14 state route captures,MAPPED,NONE
inputs--time--disabled,inputs,time--disabled,data-entry,MefField + native .mef-field control,apps/practitioner-web/src/components/mef-primitives.tsx; apps/practitioner-web/app/globals.css,type=time; state=disabled,type/state contract; label association; focus/error/disabled CSS and aria-invalid seams,52 axe scans; 38 primary + 14 state route captures,MAPPED,NONE
inputs--command--default,inputs,command--default,data-entry,MefField + native .mef-field control,apps/practitioner-web/src/components/mef-primitives.tsx; apps/practitioner-web/app/globals.css,type=command; state=default,type/state contract; label association; focus/error/disabled CSS and aria-invalid seams,52 axe scans; 38 primary + 14 state route captures,MAPPED,NONE
inputs--command--focus,inputs,command--focus,data-entry,MefField + native .mef-field control,apps/practitioner-web/src/components/mef-primitives.tsx; apps/practitioner-web/app/globals.css,type=command; state=focus,type/state contract; label association; focus/error/disabled CSS and aria-invalid seams,52 axe scans; 38 primary + 14 state route captures,MAPPED,NONE
inputs--command--error,inputs,command--error,data-entry,MefField + native .mef-field control,apps/practitioner-web/src/components/mef-primitives.tsx; apps/practitioner-web/app/globals.css,type=command; state=error,type/state contract; label association; focus/error/disabled CSS and aria-invalid seams,52 axe scans; 38 primary + 14 state route captures,MAPPED,NONE
inputs--command--disabled,inputs,command--disabled,data-entry,MefField + native .mef-field control,apps/practitioner-web/src/components/mef-primitives.tsx; apps/practitioner-web/app/globals.css,type=command; state=disabled,type/state contract; label association; focus/error/disabled CSS and aria-invalid seams,52 axe scans; 38 primary + 14 state route captures,MAPPED,NONE
inputs--file-drop--default,inputs,file-drop--default,data-entry,MefField + native .mef-field control,apps/practitioner-web/src/components/mef-primitives.tsx; apps/practitioner-web/app/globals.css,type=file-drop; state=default,type/state contract; label association; focus/error/disabled CSS and aria-invalid seams,52 axe scans; 38 primary + 14 state route captures,MAPPED,NONE
inputs--file-drop--focus,inputs,file-drop--focus,data-entry,MefField + native .mef-field control,apps/practitioner-web/src/components/mef-primitives.tsx; apps/practitioner-web/app/globals.css,type=file-drop; state=focus,type/state contract; label association; focus/error/disabled CSS and aria-invalid seams,52 axe scans; 38 primary + 14 state route captures,MAPPED,NONE
inputs--file-drop--error,inputs,file-drop--error,data-entry,MefField + native .mef-field control,apps/practitioner-web/src/components/mef-primitives.tsx; apps/practitioner-web/app/globals.css,type=file-drop; state=error,type/state contract; label association; focus/error/disabled CSS and aria-invalid seams,52 axe scans; 38 primary + 14 state route captures,MAPPED,NONE
inputs--file-drop--disabled,inputs,file-drop--disabled,data-entry,MefField + native .mef-field control,apps/practitioner-web/src/components/mef-primitives.tsx; apps/practitioner-web/app/globals.css,type=file-drop; state=disabled,type/state contract; label association; focus/error/disabled CSS and aria-invalid seams,52 axe scans; 38 primary + 14 state route captures,MAPPED,NONE
status--draft--default,status,draft--default,status,MefStatusChip,apps/practitioner-web/src/components/mef-primitives.tsx; apps/practitioner-web/app/globals.css,asset=draft--default,status/default-selected semantic chip contract,52 axe scans; 38 primary + 14 state route captures,MAPPED,NONE
status--draft--selected,status,draft--selected,status,MefStatusChip,apps/practitioner-web/src/components/mef-primitives.tsx; apps/practitioner-web/app/globals.css,asset=draft--selected,status/default-selected semantic chip contract,52 axe scans; 38 primary + 14 state route captures,MAPPED,NONE
status--imported--default,status,imported--default,status,MefStatusChip,apps/practitioner-web/src/components/mef-primitives.tsx; apps/practitioner-web/app/globals.css,asset=imported--default,status/default-selected semantic chip contract,52 axe scans; 38 primary + 14 state route captures,MAPPED,NONE
status--imported--selected,status,imported--selected,status,MefStatusChip,apps/practitioner-web/src/components/mef-primitives.tsx; apps/practitioner-web/app/globals.css,asset=imported--selected,status/default-selected semantic chip contract,52 axe scans; 38 primary + 14 state route captures,MAPPED,NONE
status--mapping-required--default,status,mapping-required--default,status,MefStatusChip,apps/practitioner-web/src/components/mef-primitives.tsx; apps/practitioner-web/app/globals.css,asset=mapping-required--default,status/default-selected semantic chip contract,52 axe scans; 38 primary + 14 state route captures,MAPPED,NONE
status--mapping-required--selected,status,mapping-required--selected,status,MefStatusChip,apps/practitioner-web/src/components/mef-primitives.tsx; apps/practitioner-web/app/globals.css,asset=mapping-required--selected,status/default-selected semantic chip contract,52 axe scans; 38 primary + 14 state route captures,MAPPED,NONE
status--mapped--default,status,mapped--default,status,MefStatusChip,apps/practitioner-web/src/components/mef-primitives.tsx; apps/practitioner-web/app/globals.css,asset=mapped--default,status/default-selected semantic chip contract,52 axe scans; 38 primary + 14 state route captures,MAPPED,NONE
status--mapped--selected,status,mapped--selected,status,MefStatusChip,apps/practitioner-web/src/components/mef-primitives.tsx; apps/practitioner-web/app/globals.css,asset=mapped--selected,status/default-selected semantic chip contract,52 axe scans; 38 primary + 14 state route captures,MAPPED,NONE
status--canonicalized--default,status,canonicalized--default,status,MefStatusChip,apps/practitioner-web/src/components/mef-primitives.tsx; apps/practitioner-web/app/globals.css,asset=canonicalized--default,status/default-selected semantic chip contract,52 axe scans; 38 primary + 14 state route captures,MAPPED,NONE
status--canonicalized--selected,status,canonicalized--selected,status,MefStatusChip,apps/practitioner-web/src/components/mef-primitives.tsx; apps/practitioner-web/app/globals.css,asset=canonicalized--selected,status/default-selected semantic chip contract,52 axe scans; 38 primary + 14 state route captures,MAPPED,NONE
status--needs-review--default,status,needs-review--default,status,MefStatusChip,apps/practitioner-web/src/components/mef-primitives.tsx; apps/practitioner-web/app/globals.css,asset=needs-review--default,status/default-selected semantic chip contract,52 axe scans; 38 primary + 14 state route captures,MAPPED,NONE
status--needs-review--selected,status,needs-review--selected,status,MefStatusChip,apps/practitioner-web/src/components/mef-primitives.tsx; apps/practitioner-web/app/globals.css,asset=needs-review--selected,status/default-selected semantic chip contract,52 axe scans; 38 primary + 14 state route captures,MAPPED,NONE
status--qualified--default,status,qualified--default,status,MefStatusChip,apps/practitioner-web/src/components/mef-primitives.tsx; apps/practitioner-web/app/globals.css,asset=qualified--default,status/default-selected semantic chip contract,52 axe scans; 38 primary + 14 state route captures,MAPPED,NONE
status--qualified--selected,status,qualified--selected,status,MefStatusChip,apps/practitioner-web/src/components/mef-primitives.tsx; apps/practitioner-web/app/globals.css,asset=qualified--selected,status/default-selected semantic chip contract,52 axe scans; 38 primary + 14 state route captures,MAPPED,NONE
status--verified--default,status,verified--default,status,MefStatusChip,apps/practitioner-web/src/components/mef-primitives.tsx; apps/practitioner-web/app/globals.css,asset=verified--default,status/default-selected semantic chip contract,52 axe scans; 38 primary + 14 state route captures,MAPPED,NONE
status--verified--selected,status,verified--selected,status,MefStatusChip,apps/practitioner-web/src/components/mef-primitives.tsx; apps/practitioner-web/app/globals.css,asset=verified--selected,status/default-selected semantic chip contract,52 axe scans; 38 primary + 14 state route captures,MAPPED,NONE
status--blocked--default,status,blocked--default,status,MefStatusChip,apps/practitioner-web/src/components/mef-primitives.tsx; apps/practitioner-web/app/globals.css,asset=blocked--default,status/default-selected semantic chip contract,52 axe scans; 38 primary + 14 state route captures,MAPPED,NONE
status--blocked--selected,status,blocked--selected,status,MefStatusChip,apps/practitioner-web/src/components/mef-primitives.tsx; apps/practitioner-web/app/globals.css,asset=blocked--selected,status/default-selected semantic chip contract,52 axe scans; 38 primary + 14 state route captures,MAPPED,NONE
status--forbidden-claim--default,status,forbidden-claim--default,status,MefStatusChip,apps/practitioner-web/src/components/mef-primitives.tsx; apps/practitioner-web/app/globals.css,asset=forbidden-claim--default,status/default-selected semantic chip contract,52 axe scans; 38 primary + 14 state route captures,MAPPED,NONE
status--forbidden-claim--selected,status,forbidden-claim--selected,status,MefStatusChip,apps/practitioner-web/src/components/mef-primitives.tsx; apps/practitioner-web/app/globals.css,asset=forbidden-claim--selected,status/default-selected semantic chip contract,52 axe scans; 38 primary + 14 state route captures,MAPPED,NONE
status--planned--default,status,planned--default,status,MefStatusChip,apps/practitioner-web/src/components/mef-primitives.tsx; apps/practitioner-web/app/globals.css,asset=planned--default,status/default-selected semantic chip contract,52 axe scans; 38 primary + 14 state route captures,MAPPED,NONE
status--planned--selected,status,planned--selected,status,MefStatusChip,apps/practitioner-web/src/components/mef-primitives.tsx; apps/practitioner-web/app/globals.css,asset=planned--selected,status/default-selected semantic chip contract,52 axe scans; 38 primary + 14 state route captures,MAPPED,NONE
navigation--rail-item-active,navigation,rail-item-active,navigation,AppShell + FilterBar + screen navigation patterns,apps/practitioner-web/src/components/app-shell.tsx; apps/practitioner-web/src/components/mef-patterns.tsx,asset=rail-item-active,navigation surface contract; current/active/focus behavior,52 axe scans; 38 primary + 14 state route captures,MAPPED,NONE
navigation--rail-item-default,navigation,rail-item-default,navigation,AppShell + FilterBar + screen navigation patterns,apps/practitioner-web/src/components/app-shell.tsx; apps/practitioner-web/src/components/mef-patterns.tsx,asset=rail-item-default,navigation surface contract; current/active/focus behavior,52 axe scans; 38 primary + 14 state route captures,MAPPED,NONE
navigation--topbar,navigation,topbar,navigation,AppShell + FilterBar + screen navigation patterns,apps/practitioner-web/src/components/app-shell.tsx; apps/practitioner-web/src/components/mef-patterns.tsx,asset=topbar,navigation surface contract; current/active/focus behavior,52 axe scans; 38 primary + 14 state route captures,MAPPED,NONE
navigation--breadcrumb,navigation,breadcrumb,navigation,AppShell + FilterBar + screen navigation patterns,apps/practitioner-web/src/components/app-shell.tsx; apps/practitioner-web/src/components/mef-patterns.tsx,asset=breadcrumb,navigation surface contract; current/active/focus behavior,52 axe scans; 38 primary + 14 state route captures,MAPPED,NONE
navigation--tabs-active,navigation,tabs-active,navigation,AppShell + FilterBar + screen navigation patterns,apps/practitioner-web/src/components/app-shell.tsx; apps/practitioner-web/src/components/mef-patterns.tsx,asset=tabs-active,navigation surface contract; current/active/focus behavior,52 axe scans; 38 primary + 14 state route captures,MAPPED,NONE
navigation--tabs-default,navigation,tabs-default,navigation,AppShell + FilterBar + screen navigation patterns,apps/practitioner-web/src/components/app-shell.tsx; apps/practitioner-web/src/components/mef-patterns.tsx,asset=tabs-default,navigation surface contract; current/active/focus behavior,52 axe scans; 38 primary + 14 state route captures,MAPPED,NONE
navigation--segmented,navigation,segmented,navigation,AppShell + FilterBar + screen navigation patterns,apps/practitioner-web/src/components/app-shell.tsx; apps/practitioner-web/src/components/mef-patterns.tsx,asset=segmented,navigation surface contract; current/active/focus behavior,52 axe scans; 38 primary + 14 state route captures,MAPPED,NONE
navigation--pagination,navigation,pagination,navigation,AppShell + FilterBar + screen navigation patterns,apps/practitioner-web/src/components/app-shell.tsx; apps/practitioner-web/src/components/mef-patterns.tsx,asset=pagination,navigation surface contract; current/active/focus behavior,52 axe scans; 38 primary + 14 state route captures,MAPPED,NONE
navigation--command-palette,navigation,command-palette,navigation,AppShell + FilterBar + screen navigation patterns,apps/practitioner-web/src/components/app-shell.tsx; apps/practitioner-web/src/components/mef-patterns.tsx,asset=command-palette,navigation surface contract; current/active/focus behavior,52 axe scans; 38 primary + 14 state route captures,MAPPED,NONE
navigation--context-menu,navigation,context-menu,navigation,AppShell + FilterBar + screen navigation patterns,apps/practitioner-web/src/components/app-shell.tsx; apps/practitioner-web/src/components/mef-patterns.tsx,asset=context-menu,navigation surface contract; current/active/focus behavior,52 axe scans; 38 primary + 14 state route captures,MAPPED,NONE
navigation--filter-bar,navigation,filter-bar,navigation,AppShell + FilterBar + screen navigation patterns,apps/practitioner-web/src/components/app-shell.tsx; apps/practitioner-web/src/components/mef-patterns.tsx,asset=filter-bar,navigation surface contract; current/active/focus behavior,52 axe scans; 38 primary + 14 state route captures,MAPPED,NONE
containers--card,containers,card,layout-container,MefPanel + responsive AppShell/Eve dock,apps/practitioner-web/src/components/mef-primitives.tsx; apps/practitioner-web/src/components/app-shell.tsx; apps/practitioner-web/app/globals.css,asset=card,layout container contract and responsive drawer behavior,52 axe scans; 38 primary + 14 state route captures,MAPPED,NONE
containers--metric-card,containers,metric-card,layout-container,MefPanel + responsive AppShell/Eve dock,apps/practitioner-web/src/components/mef-primitives.tsx; apps/practitioner-web/src/components/app-shell.tsx; apps/practitioner-web/app/globals.css,asset=metric-card,layout container contract and responsive drawer behavior,52 axe scans; 38 primary + 14 state route captures,MAPPED,NONE
containers--pane,containers,pane,layout-container,MefPanel + responsive AppShell/Eve dock,apps/practitioner-web/src/components/mef-primitives.tsx; apps/practitioner-web/src/components/app-shell.tsx; apps/practitioner-web/app/globals.css,asset=pane,layout container contract and responsive drawer behavior,52 axe scans; 38 primary + 14 state route captures,MAPPED,NONE
containers--split-pane,containers,split-pane,layout-container,MefPanel + responsive AppShell/Eve dock,apps/practitioner-web/src/components/mef-primitives.tsx; apps/practitioner-web/src/components/app-shell.tsx; apps/practitioner-web/app/globals.css,asset=split-pane,layout container contract and responsive drawer behavior,52 axe scans; 38 primary + 14 state route captures,MAPPED,NONE
containers--side-inspector,containers,side-inspector,layout-container,MefPanel + responsive AppShell/Eve dock,apps/practitioner-web/src/components/mef-primitives.tsx; apps/practitioner-web/src/components/app-shell.tsx; apps/practitioner-web/app/globals.css,asset=side-inspector,layout container contract and responsive drawer behavior,52 axe scans; 38 primary + 14 state route captures,MAPPED,NONE
containers--drawer-right,containers,drawer-right,layout-container,MefPanel + responsive AppShell/Eve dock,apps/practitioner-web/src/components/mef-primitives.tsx; apps/practitioner-web/src/components/app-shell.tsx; apps/practitioner-web/app/globals.css,asset=drawer-right,layout container contract and responsive drawer behavior,52 axe scans; 38 primary + 14 state route captures,MAPPED,NONE
containers--modal,containers,modal,layout-container,MefPanel + responsive AppShell/Eve dock,apps/practitioner-web/src/components/mef-primitives.tsx; apps/practitioner-web/src/components/app-shell.tsx; apps/practitioner-web/app/globals.css,asset=modal,layout container contract and responsive drawer behavior,52 axe scans; 38 primary + 14 state route captures,MAPPED,NONE
containers--popover,containers,popover,layout-container,MefPanel + responsive AppShell/Eve dock,apps/practitioner-web/src/components/mef-primitives.tsx; apps/practitioner-web/src/components/app-shell.tsx; apps/practitioner-web/app/globals.css,asset=popover,layout container contract and responsive drawer behavior,52 axe scans; 38 primary + 14 state route captures,MAPPED,NONE
containers--tooltip,containers,tooltip,layout-container,MefPanel + responsive AppShell/Eve dock,apps/practitioner-web/src/components/mef-primitives.tsx; apps/practitioner-web/src/components/app-shell.tsx; apps/practitioner-web/app/globals.css,asset=tooltip,layout container contract and responsive drawer behavior,52 axe scans; 38 primary + 14 state route captures,MAPPED,NONE
containers--accordion,containers,accordion,layout-container,MefPanel + responsive AppShell/Eve dock,apps/practitioner-web/src/components/mef-primitives.tsx; apps/practitioner-web/src/components/app-shell.tsx; apps/practitioner-web/app/globals.css,asset=accordion,layout container contract and responsive drawer behavior,52 axe scans; 38 primary + 14 state route captures,MAPPED,NONE
containers--sticky-action-bar,containers,sticky-action-bar,layout-container,MefPanel + responsive AppShell/Eve dock,apps/practitioner-web/src/components/mef-primitives.tsx; apps/practitioner-web/src/components/app-shell.tsx; apps/practitioner-web/app/globals.css,asset=sticky-action-bar,layout container contract and responsive drawer behavior,52 axe scans; 38 primary + 14 state route captures,MAPPED,NONE
containers--agent-dock-expanded,containers,agent-dock-expanded,layout-container,MefPanel + responsive AppShell/Eve dock,apps/practitioner-web/src/components/mef-primitives.tsx; apps/practitioner-web/src/components/app-shell.tsx; apps/practitioner-web/app/globals.css,asset=agent-dock-expanded,layout container contract and responsive drawer behavior,52 axe scans; 38 primary + 14 state route captures,MAPPED,NONE
containers--agent-dock-compact,containers,agent-dock-compact,layout-container,MefPanel + responsive AppShell/Eve dock,apps/practitioner-web/src/components/mef-primitives.tsx; apps/practitioner-web/src/components/app-shell.tsx; apps/practitioner-web/app/globals.css,asset=agent-dock-compact,layout container contract and responsive drawer behavior,52 axe scans; 38 primary + 14 state route captures,MAPPED,NONE
data--metric-card,data,metric-card,data-display,MefKeyValue + pattern data rows/cards,apps/practitioner-web/src/components/mef-primitives.tsx; apps/practitioner-web/src/components/mef-patterns.tsx,asset=metric-card,data-display contract; no live scientific observations,52 axe scans; 38 primary + 14 state route captures,MAPPED,NONE
data--stat-block,data,stat-block,data-display,MefKeyValue + pattern data rows/cards,apps/practitioner-web/src/components/mef-primitives.tsx; apps/practitioner-web/src/components/mef-patterns.tsx,asset=stat-block,data-display contract; no live scientific observations,52 axe scans; 38 primary + 14 state route captures,MAPPED,NONE
data--dense-table-row,data,dense-table-row,data-display,MefKeyValue + pattern data rows/cards,apps/practitioner-web/src/components/mef-primitives.tsx; apps/practitioner-web/src/components/mef-patterns.tsx,asset=dense-table-row,data-display contract; no live scientific observations,52 axe scans; 38 primary + 14 state route captures,MAPPED,NONE
data--list-row,data,list-row,data-display,MefKeyValue + pattern data rows/cards,apps/practitioner-web/src/components/mef-primitives.tsx; apps/practitioner-web/src/components/mef-patterns.tsx,asset=list-row,data-display contract; no live scientific observations,52 axe scans; 38 primary + 14 state route captures,MAPPED,NONE
data--timeline-item,data,timeline-item,data-display,MefKeyValue + pattern data rows/cards,apps/practitioner-web/src/components/mef-primitives.tsx; apps/practitioner-web/src/components/mef-patterns.tsx,asset=timeline-item,data-display contract; no live scientific observations,52 axe scans; 38 primary + 14 state route captures,MAPPED,NONE
data--trial-card,data,trial-card,data-display,MefKeyValue + pattern data rows/cards,apps/practitioner-web/src/components/mef-primitives.tsx; apps/practitioner-web/src/components/mef-patterns.tsx,asset=trial-card,data-display contract; no live scientific observations,52 axe scans; 38 primary + 14 state route captures,MAPPED,NONE
data--session-card,data,session-card,data-display,MefKeyValue + pattern data rows/cards,apps/practitioner-web/src/components/mef-primitives.tsx; apps/practitioner-web/src/components/mef-patterns.tsx,asset=session-card,data-display contract; no live scientific observations,52 axe scans; 38 primary + 14 state route captures,MAPPED,NONE
data--key-value-list,data,key-value-list,data-display,MefKeyValue + pattern data rows/cards,apps/practitioner-web/src/components/mef-primitives.tsx; apps/practitioner-web/src/components/mef-patterns.tsx,asset=key-value-list,data-display contract; no live scientific observations,52 axe scans; 38 primary + 14 state route captures,MAPPED,NONE
data--evidence-link,data,evidence-link,data-display,MefKeyValue + pattern data rows/cards,apps/practitioner-web/src/components/mef-primitives.tsx; apps/practitioner-web/src/components/mef-patterns.tsx,asset=evidence-link,data-display contract; no live scientific observations,52 axe scans; 38 primary + 14 state route captures,MAPPED,NONE
data--provenance-step,data,provenance-step,data-display,MefKeyValue + pattern data rows/cards,apps/practitioner-web/src/components/mef-primitives.tsx; apps/practitioner-web/src/components/mef-patterns.tsx,asset=provenance-step,data-display contract; no live scientific observations,52 axe scans; 38 primary + 14 state route captures,MAPPED,NONE
data--filter-chip,data,filter-chip,data-display,MefKeyValue + pattern data rows/cards,apps/practitioner-web/src/components/mef-primitives.tsx; apps/practitioner-web/src/components/mef-patterns.tsx,asset=filter-chip,data-display contract; no live scientific observations,52 axe scans; 38 primary + 14 state route captures,MAPPED,NONE
data--quality-indicator,data,quality-indicator,data-display,MefKeyValue + pattern data rows/cards,apps/practitioner-web/src/components/mef-primitives.tsx; apps/practitioner-web/src/components/mef-patterns.tsx,asset=quality-indicator,data-display contract; no live scientific observations,52 axe scans; 38 primary + 14 state route captures,MAPPED,NONE
data--trial-strip,data,trial-strip,data-display,MefKeyValue + pattern data rows/cards,apps/practitioner-web/src/components/mef-primitives.tsx; apps/practitioner-web/src/components/mef-patterns.tsx,asset=trial-strip,data-display contract; no live scientific observations,52 axe scans; 38 primary + 14 state route captures,MAPPED,NONE
data--comparison-matrix,data,comparison-matrix,data-display,MefKeyValue + pattern data rows/cards,apps/practitioner-web/src/components/mef-primitives.tsx; apps/practitioner-web/src/components/mef-patterns.tsx,asset=comparison-matrix,data-display contract; no live scientific observations,52 axe scans; 38 primary + 14 state route captures,MAPPED,NONE
data--method-reference-card,data,method-reference-card,data-display,MefKeyValue + pattern data rows/cards,apps/practitioner-web/src/components/mef-primitives.tsx; apps/practitioner-web/src/components/mef-patterns.tsx,asset=method-reference-card,data-display contract; no live scientific observations,52 axe scans; 38 primary + 14 state route captures,MAPPED,NONE
feedback--inline-info,feedback,inline-info,feedback,MefStateBanner + MefSkeleton + field feedback,apps/practitioner-web/src/components/mef-primitives.tsx; apps/practitioner-web/app/globals.css,asset=inline-info,empty/error/loading/blocked/permission feedback contract,52 axe scans; 38 primary + 14 state route captures,MAPPED,NONE
feedback--inline-success,feedback,inline-success,feedback,MefStateBanner + MefSkeleton + field feedback,apps/practitioner-web/src/components/mef-primitives.tsx; apps/practitioner-web/app/globals.css,asset=inline-success,empty/error/loading/blocked/permission feedback contract,52 axe scans; 38 primary + 14 state route captures,MAPPED,NONE
feedback--inline-warning,feedback,inline-warning,feedback,MefStateBanner + MefSkeleton + field feedback,apps/practitioner-web/src/components/mef-primitives.tsx; apps/practitioner-web/app/globals.css,asset=inline-warning,empty/error/loading/blocked/permission feedback contract,52 axe scans; 38 primary + 14 state route captures,MAPPED,NONE
feedback--inline-error,feedback,inline-error,feedback,MefStateBanner + MefSkeleton + field feedback,apps/practitioner-web/src/components/mef-primitives.tsx; apps/practitioner-web/app/globals.css,asset=inline-error,empty/error/loading/blocked/permission feedback contract,52 axe scans; 38 primary + 14 state route captures,MAPPED,NONE
feedback--toast-success,feedback,toast-success,feedback,MefStateBanner + MefSkeleton + field feedback,apps/practitioner-web/src/components/mef-primitives.tsx; apps/practitioner-web/app/globals.css,asset=toast-success,empty/error/loading/blocked/permission feedback contract,52 axe scans; 38 primary + 14 state route captures,MAPPED,NONE
feedback--toast-error,feedback,toast-error,feedback,MefStateBanner + MefSkeleton + field feedback,apps/practitioner-web/src/components/mef-primitives.tsx; apps/practitioner-web/app/globals.css,asset=toast-error,empty/error/loading/blocked/permission feedback contract,52 axe scans; 38 primary + 14 state route captures,MAPPED,NONE
feedback--validation,feedback,validation,feedback,MefStateBanner + MefSkeleton + field feedback,apps/practitioner-web/src/components/mef-primitives.tsx; apps/practitioner-web/app/globals.css,asset=validation,empty/error/loading/blocked/permission feedback contract,52 axe scans; 38 primary + 14 state route captures,MAPPED,NONE
feedback--empty-state,feedback,empty-state,feedback,MefStateBanner + MefSkeleton + field feedback,apps/practitioner-web/src/components/mef-primitives.tsx; apps/practitioner-web/app/globals.css,asset=empty-state,empty/error/loading/blocked/permission feedback contract,52 axe scans; 38 primary + 14 state route captures,MAPPED,NONE
feedback--error-state,feedback,error-state,feedback,MefStateBanner + MefSkeleton + field feedback,apps/practitioner-web/src/components/mef-primitives.tsx; apps/practitioner-web/app/globals.css,asset=error-state,empty/error/loading/blocked/permission feedback contract,52 axe scans; 38 primary + 14 state route captures,MAPPED,NONE
feedback--loading-skeleton,feedback,loading-skeleton,feedback,MefStateBanner + MefSkeleton + field feedback,apps/practitioner-web/src/components/mef-primitives.tsx; apps/practitioner-web/app/globals.css,asset=loading-skeleton,empty/error/loading/blocked/permission feedback contract,52 axe scans; 38 primary + 14 state route captures,MAPPED,NONE
feedback--progress,feedback,progress,feedback,MefStateBanner + MefSkeleton + field feedback,apps/practitioner-web/src/components/mef-primitives.tsx; apps/practitioner-web/app/globals.css,asset=progress,empty/error/loading/blocked/permission feedback contract,52 axe scans; 38 primary + 14 state route captures,MAPPED,NONE
feedback--blocked-state,feedback,blocked-state,feedback,MefStateBanner + MefSkeleton + field feedback,apps/practitioner-web/src/components/mef-primitives.tsx; apps/practitioner-web/app/globals.css,asset=blocked-state,empty/error/loading/blocked/permission feedback contract,52 axe scans; 38 primary + 14 state route captures,MAPPED,NONE
feedback--permission-denied,feedback,permission-denied,feedback,MefStateBanner + MefSkeleton + field feedback,apps/practitioner-web/src/components/mef-primitives.tsx; apps/practitioner-web/app/globals.css,asset=permission-denied,empty/error/loading/blocked/permission feedback contract,52 axe scans; 38 primary + 14 state route captures,MAPPED,NONE
agent--dock-header,agent,dock-header,assistant-ui,EveAgentDock,apps/practitioner-web/src/components/eve-agent-dock.tsx; apps/practitioner-web/app/globals.css,asset=dock-header,bounded explanatory assistant states; no calculation/mutation surface,52 axe scans; 38 primary + 14 state route captures,MAPPED,NONE
agent--response-card,agent,response-card,assistant-ui,EveAgentDock,apps/practitioner-web/src/components/eve-agent-dock.tsx; apps/practitioner-web/app/globals.css,asset=response-card,bounded explanatory assistant states; no calculation/mutation surface,52 axe scans; 38 primary + 14 state route captures,MAPPED,NONE
agent--tool-evidence-card,agent,tool-evidence-card,assistant-ui,EveAgentDock,apps/practitioner-web/src/components/eve-agent-dock.tsx; apps/practitioner-web/app/globals.css,asset=tool-evidence-card,bounded explanatory assistant states; no calculation/mutation surface,52 axe scans; 38 primary + 14 state route captures,MAPPED,NONE
agent--memory-chip,agent,memory-chip,assistant-ui,EveAgentDock,apps/practitioner-web/src/components/eve-agent-dock.tsx; apps/practitioner-web/app/globals.css,asset=memory-chip,bounded explanatory assistant states; no calculation/mutation surface,52 axe scans; 38 primary + 14 state route captures,MAPPED,NONE
agent--suggested-action,agent,suggested-action,assistant-ui,EveAgentDock,apps/practitioner-web/src/components/eve-agent-dock.tsx; apps/practitioner-web/app/globals.css,asset=suggested-action,bounded explanatory assistant states; no calculation/mutation surface,52 axe scans; 38 primary + 14 state route captures,MAPPED,NONE
agent--composer,agent,composer,assistant-ui,EveAgentDock,apps/practitioner-web/src/components/eve-agent-dock.tsx; apps/practitioner-web/app/globals.css,asset=composer,bounded explanatory assistant states; no calculation/mutation surface,52 axe scans; 38 primary + 14 state route captures,MAPPED,NONE
agent--streaming-state,agent,streaming-state,assistant-ui,EveAgentDock,apps/practitioner-web/src/components/eve-agent-dock.tsx; apps/practitioner-web/app/globals.css,asset=streaming-state,bounded explanatory assistant states; no calculation/mutation surface,52 axe scans; 38 primary + 14 state route captures,MAPPED,NONE
agent--tool-running-state,agent,tool-running-state,assistant-ui,EveAgentDock,apps/practitioner-web/src/components/eve-agent-dock.tsx; apps/practitioner-web/app/globals.css,asset=tool-running-state,bounded explanatory assistant states; no calculation/mutation surface,52 axe scans; 38 primary + 14 state route captures,MAPPED,NONE
agent--error-state,agent,error-state,assistant-ui,EveAgentDock,apps/practitioner-web/src/components/eve-agent-dock.tsx; apps/practitioner-web/app/globals.css,asset=error-state,bounded explanatory assistant states; no calculation/mutation surface,52 axe scans; 38 primary + 14 state route captures,MAPPED,NONE
agent--offline-state,agent,offline-state,assistant-ui,EveAgentDock,apps/practitioner-web/src/components/eve-agent-dock.tsx; apps/practitioner-web/app/globals.css,asset=offline-state,bounded explanatory assistant states; no calculation/mutation surface,52 axe scans; 38 primary + 14 state route captures,MAPPED,NONE
